title,user_review_count,critic_review_count,critic_overall_score,critic_positive_score,critic_mixed_score,critic_negative_score,user_overall_score,user_positive_score,user_mixed_score,user_negative_score
7th Heaven,35,35,,,,,,,,
Wings,108,95,,,,,,,,
The Way of All Flesh,5,6,,,,,,,,
Underworld,37,53,,,,,,,,
Sunrise,278,123,,,,,,,,
Two Arabian Knights,28,6,,,,,,,,
The Dove,2,,,,,,,,,
The Last Command,48,47,,,,,,,,
Street Angel,33,23,,,,,,,,
Tempest,14,7,,,,,,,,
White Shadows in the South Seas,19,7,,,,,,,,
The Patriot,3,5,,,,,,,,
In Old Arizona,31,29,,,,,,,,
The Divine Lady,16,8,,,,,,,,
The Broadway Melody,89,40,,,,,,,,
The Bridge of San Luis Rey,,2,,,,,,,,
Coquette,41,14,,,,,,,,
Disraeli,26,18,,,,,,,,
The Divorcee,51,37,,,,,,,,
King of Jazz,44,30,,,,,,,,
All Quiet on the Western Front,264,96,91,16,0,0,8.6,26,3,0
The Big House,33,25,74,6,0,0,tbd,0,0,0
With Byrd at the South Pole,6,6,,,,,,,,
The Dawn Patrol,24,22,,,,,,,,
Min and Bill,22,11,,,,,,,,
Cimarron,81,41,70,4,2,0,tbd,1,0,0
Tabu: A Story of the South Seas,34,50,,,,,,,,
Skippy,8,14,,,,,,,,
A Free Soul,57,22,,,,,,,,
Bad Girl,23,16,,,,,,,,
Transatlantic,9,5,,,,,,,,
The Sin of Madelon Claudet,26,9,,,,,,,,
Wrestling Swordfish,,,,,,,,,,
The Champ,36,24,,,,,,,,
Dr. Jekyll and Mr. Hyde,139,76,,,,,,,,
Shanghai Express,73,56,83,15,0,0,tbd,1,0,0
Grand Hotel,144,89,,,,,,,,
The Music Box,79,11,,,,,,,,
Flowers and Trees,19,8,,,,,,,,
One Way Passage,61,22,,,,,,,,
A Farewell to Arms,75,46,,,,,,,,
Cavalcade,53,50,,,,,,,,
Krakatoa,,,,,,,,,,
Three Little Pigs,32,12,,,,,,,,
So This Is Harris,2,,,,,,,,,
Morning Glory,51,19,,,,,,,,
The Private Life of Henry VIII,52,33,,,,,,,,
Eskimo,17,10,,,,,,,,
Little Women,65,32,92,7,0,0,5.3,4,0,3
City of Wax,,,,,,,,,,
It Happened One Night,334,126,87,16,0,0,8.3,47,3,0
Viva Villa!,24,17,,,,,,,,
Manhattan Melodrama,52,25,,,,,,,,
Wings Over Everest,5,,,,,,,,,
La Cucaracha,10,4,,,,,,,,
One Night of Love,14,10,,,,,,,,
Cleopatra,61,36,,,,,,,,
The Gay Divorcee,73,45,80,11,1,0,tbd,1,1,0
The Merry Widow,34,19,,,,,,,,
The Private Life of the Gannets,,,,,,,,,,
The Tortoise and the Hare,18,11,,,,,,,,
The Lives of a Bengal Lancer,36,21,,,,,,,,
Folies Bergère de Paris,12,,,,,,,,,
Naughty Marietta,33,9,,,,,,,,
Gold Diggers of 1935,50,26,,,,,,,,
The Scoundrel,21,7,,,,,,,,
The Informer,62,40,65,5,2,1,tbd,0,0,0
Broadway Melody of 1936,33,13,,,,,,,,
The Dark Angel,20,6,,,,,,,,
How to Sleep,19,2,,,,,,,,
A Midsummer Night's Dream,66,34,,,,,,,,
Three Orphan Kittens,8,2,,,,,,,,
Mutiny on the Bounty,128,70,87,11,1,0,8.2,5,0,0
Dangerous,43,18,,,,,,,,
The Story of Louis Pasteur,43,11,,,,,,,,
The Great Ziegfeld,90,49,,,,,,,,
Mr. Deeds Goes to Town,142,50,,,,,,,,
San Francisco,93,37,,,,,,,,
Anthony Adverse,38,14,,,,,,,,
Bored of Education,5,,,,,,,,,
Swing Time,111,67,91,16,0,0,tbd,1,2,0
Dodsworth,99,36,,,,,,,,
The Public Pays,7,,,,,,,,,
The Charge of the Light Brigade,65,31,,,,,,,,
The Country Cousin,12,,,,,,,,,
Come and Get It,51,24,,,,,,,,
Give Me Liberty,8,,,,,,,,,
Torture Money,7,,,,,,,,,
The Good Earth,70,23,,,,,,,,
Lost Horizon,139,45,,,,,,,,
Waikiki Wedding,14,3,,,,,,,,
Penny Wisdom,8,,,,,,,,,
A Star Is Born,78,55,77,4,1,0,7.4,7,2,0
Captains Courageous,104,36,,,,,,,,
The Life of Emile Zola,64,46,,,,,,,,
One Hundred Men and a Girl,26,11,,,,,,,,
The Awful Truth,135,64,87,9,1,0,8.0,3,1,0
The Hurricane,53,28,,,,,,,,
The Old Mill,30,4,,,,,,,,
A Damsel in Distress,41,16,,,,,,,,
In Old Chicago,48,17,,,,,,,,
The Big Broadcast of 1938,32,12,,,,,,,,
Jezebel,117,50,,,,,,,,
That Mothers Might Live,3,,,,,,,,,
The Adventures of Robin Hood,302,113,97,5,0,0,7.9,55,9,3
Alexander's Ragtime Band,35,13,,,,,,,,
Pygmalion,94,37,,,,,,,,
You Can't Take It with You,174,51,,,,,,,,
Boys Town,60,21,,,,,,,,
The Great Waltz,50,10,,,,,,,,
The Cowboy and the Lady,33,9,,,,,,,,
Ferdinand the Bull,17,7,,,,,,,,
The Declaration of Independence,9,,,,,,,,,
Kentucky,18,5,,,,,,,,
Stagecoach,466,115,93,15,0,0,7.8,13,2,1
Wuthering Heights,155,37,,,,,,,,
Ugly Duckling,16,5,,,,,,,,
Busy Little Bears,,,,,,,,,,
"Goodbye, Mr. Chips",114,38,,,,,,,,
Sons of Liberty,18,,,,,,,,,
The Wizard of Oz,785,159,92,28,2,0,8.5,412,30,22
When Tomorrow Comes,15,5,,,,,,,,
The Rains Came,39,21,,,,,,,,
Mr. Smith Goes to Washington,332,99,73,7,2,0,8.3,29,4,0
Gone with the Wind,961,192,97,17,1,0,8.3,187,19,18
The Grapes of Wrath,379,102,96,15,1,0,8.7,58,3,1
Pinocchio,232,137,99,17,0,0,8.1,143,25,6
Teddy the Rough Rider,7,,,,,,,,,
Rebecca,382,206,86,16,0,0,8.3,32,3,0
The Milky Way,14,4,,,,,,,,
The Great McGinty,43,37,,,,,,,,
Pride and Prejudice,147,29,84,7,2,0,tbd,2,0,0
The Westerner,68,22,78,5,1,0,tbd,0,0,0
Strike Up the Band,30,20,59,4,2,0,tbd,0,0,0
Quicker'n a Wink,7,,,,,,,,,
The Thief of Bagdad,125,66,,,,,,,,
"Arise, My Love",17,11,,,,,,,,
North West Mounted Police,22,14,,,,,,,,
Tin Pan Alley,14,4,,,,,,,,
The Philadelphia Story,259,85,96,13,0,0,8.0,21,4,0
Kitty Foyle,54,25,,,,,,,,
I Wanted Wings,15,4,,,,,,,,
That Hamilton Woman,70,35,,,,,,,,
The Great Lie,57,18,,,,,,,,
Citizen Kane,1.6K,265,100,19,0,0,8.4,637,54,40
Blood and Sand,46,32,,,,,,,,
Blossoms in the Dust,36,14,,,,,,,,
Sergeant York,127,52,,,,,,,,
Here Comes Mr. Jordan,63,52,,,,,,,,
Lady Be Good,37,4,,,,,,,,
Of Pups and Puzzles,5,,,,,,,,,
Lend a Paw,11,,,,,,,,,
49th Parallel,87,50,,,,,,,,
All That Money Can Buy,67,45,,,,,,,,
Dumbo,191,131,96,11,0,0,7.7,86,15,5
How Green Was My Valley,179,95,88,17,0,0,tbd,2,1,0
Suspicion,219,94,83,4,0,0,7.9,17,4,0
Johnny Eager,56,21,,,,,,,,
Churchill's Island,3,,,,,,,,,
Main Street on the March!,3,,,,,,,,,
Woman of the Year,94,33,,,,,,,,
Moscow Strikes Back,3,,,,,,,,,
Reap the Wild Wind,52,25,,,,,,,,
My Gal Sal,13,6,,,,,,,,
This Above All,26,4,,,,,,,,
Why We Fight,21,3,,,,,,,,
Yankee Doodle Dandy,127,48,89,9,1,0,tbd,2,0,0
Mrs. Miniver,120,58,,,,,,,,
Speaking of Animals and Their Families,,,,,,,,,,
The Pride of the Yankees,89,42,,,,,,,,
Holiday Inn,145,40,,,,,,,,
The Battle of Midway,19,10,,,,,,,,
Kokoda Front Line!,2,,,,,,,,,
"Now, Voyager",176,67,70,10,2,0,tbd,0,0,0
Beyond the Line of Duty,10,,,,,,,,,
Casablanca,1.4K,211,100,18,0,0,8.8,377,11,14
The Black Swan,65,29,,,,,,,,
Der Fuehrer's Face,32,9,,,,,,,,
Air Force,67,19,,,,,,,,
The Human Comedy,58,15,,,,,,,,
"Hello Frisco, Hello",26,4,,,,,,,,
Desert Victory,11,,,,,,,,,
Crash Dive,34,11,,,,,,,,
Heavenly Music,11,2,,,,,,,,
This Land Is Mine,54,22,,,,,,,,
The More the Merrier,76,30,,,,,,,,
Mouse at War,14,3,,,,,,,,
For Whom the Bell Tolls,83,26,68,6,4,0,tbd,0,1,0
This Is the Army,39,16,,,,,,,,
Phantom of the Opera,104,53,63,2,5,0,tbd,0,0,0
Watch on the Rhine,69,19,,,,,,,,
Princess O'Rourke,28,7,,,,,,,,
The Song of Bernadette,90,45,,,,,,,,
Amphibious Fighters,,,,,,,,,,
December 7th,20,2,,,,,,,,
Marie-Louise,2,3,,,,,,,,
With the Marines at Tarawa,6,2,,,,,,,,
Cover Girl,80,43,,,,,,,,
Going My Way,86,39,,,,,,,,
Gaslight,172,82,,,,,,,,
Since You Went Away,101,26,,,,,,,,
Wilson,46,16,,,,,,,,
Frenchman's Creek,24,13,,,,,,,,
Laura,309,134,,,,,,,,
None But the Lonely Heart,44,14,,,,,,,,
I Won't Play,12,,,,,,,,,
Thirty Seconds Over Tokyo,60,18,,,,,,,,
Mouse Trouble,14,6,,,,,,,,
Who's Who in Animal Land,2,,,,,,,,,
National Velvet,80,22,,,,,,,,
The Fighting Lady,11,4,,,,,,,,
A Tree Grows in Brooklyn,96,35,,,,,,,,
The Picture of Dorian Gray,131,64,,,,,,,,
Blithe Spirit,77,53,,,,,,,,
Blood on the Sun,43,11,,,,,,,,
Wonder Man,39,11,,,,,,,,
Anchors Aweigh,84,36,60,3,5,0,tbd,1,1,0
The True Glory,13,2,,,,,,,,
State Fair,64,16,,,,,,,,
The House on 92nd Street,63,28,,,,,,,,
Mildred Pierce,400,96,88,16,0,0,7.7,8,2,0
The Lost Weekend,174,120,,,,,,,,
Star in the Night,28,4,,,,,,,,
Vacation from Marriage,34,5,,,,,,,,
The Seventh Veil,47,12,,,,,,,,
Spellbound,200,98,79,14,1,0,7.3,3,1,0
Stairway to Light,7,,,,,,,,,
The Bells of St. Mary's,70,42,,,,,,,,
Quiet Please!,13,3,,,,,,,,
Leave Her to Heaven,168,90,,,,,,,,
Hitler Lives,14,,,,,,,,,
The Harvey Girls,65,23,65,5,4,0,tbd,0,0,0
To Each His Own,39,11,67,5,2,0,tbd,0,0,0
Facing Your Danger,5,,,,,,,,,
Anna and the King of Siam,34,18,,,,,,,,
The Jolson Story,56,9,,,,,,,,
Song of the South,287,45,54,2,4,0,5.7,5,5,3
The Razor's Edge,97,32,,,,,,,,
The Best Years of Our Lives,328,112,93,17,0,0,8.5,34,3,1
Great Expectations,128,66,90,15,0,0,8.3,4,0,0
The Yearling,87,24,89,6,0,0,tbd,1,0,0
A Boy and His Dog,8,,,,,,,,,
Seeds of Destiny,,,,,,,,,,
The Farmer's Daughter,35,17,,,,,,,,
Black Narcissus,180,113,86,14,1,0,6.0,3,2,1
The Cat Concerto,26,6,,,,,,,,
Tweetie Pie,12,2,,,,,,,,
Climbing the Matterhorn,,,,,,,,,,
Miracle on 34th Street,208,97,88,10,0,0,7.8,13,3,0
The Bachelor and the Bobby-Soxer,69,25,,,,,,,,
Rhythm of a City,,,,,,,,,,
Mother Wore Tights,19,11,,,,,,,,
Green Dolphin Street,56,11,,,,,,,,
Body and Soul,55,34,,,,,,,,
Gentleman's Agreement,159,73,,,,,,,,
The Bishop's Wife,180,49,72,9,1,0,7.5,4,2,0
A Double Life,59,39,,,,,,,,
First Steps,2,,,,,,,,,
Design for Death,,,,,,,,,,
The Treasure of the Sierra Madre,306,103,98,9,1,0,8.5,99,9,2
"Goodbye, Miss Turlock",8,,,,,,,,,
The Search,74,21,,,,,,,,
The Naked City,107,79,74,7,3,0,tbd,0,0,0
Hamlet,100,55,82,7,3,0,tbd,3,0,0
Easter Parade,92,54,,,,,,,,
Key Largo,197,71,,,,,,,,
The Red Shoes,193,119,,,,,,,,
The Secret Land,9,2,,,,,,,,
Johnny Belinda,72,24,,,,,,,,
Van Gogh,4,,,,,,,,,
The Snake Pit,80,44,,,,,,,,
Joan of Arc,40,18,,,,,,,,
Adventures of Don Juan,63,11,,,,,,,,
The Paleface,46,30,,,,,,,,
Seal Island,3,4,,,,,,,,
Portrait of Jennie,133,51,,,,,,,,
Toward Independence,,,,,,,,,,
The Little Orphan,14,3,,,,,,,,
So Much for So Little,10,,,,,,,,,
A Letter to Three Wives,89,58,,,,,,,,
Little Women,75,13,61,3,2,0,tbd,0,2,1
Champion,61,40,,,,,,,,
The Stratton Story,32,21,,,,,,,,
Neptune's Daughter,26,21,,,,,,,,
She Wore a Yellow Ribbon,120,65,,,,,,,,
Mighty Joe Young,84,45,61,2,2,0,tbd,3,0,0
Daybreak in Udi,,,,,,,,,,
The Third Man,506,210,97,29,1,0,8.5,84,4,2
The Heiress,163,65,,,,,,,,
All the King's Men,90,60,,,,,,,,
Battleground,93,29,,,,,,,,
For Scent-imental Reasons,20,3,,,,,,,,
A Chance to Live,,,,,,,,,,
On the Town,123,57,71,7,1,0,7.5,4,0,0
Samson and Delilah,79,28,,,,,,,,
Twelve O'Clock High,156,47,,,,,,,,
"Captain Carey, U.S.A.",7,9,,,,,,,,
Kon-Tiki,12,6,,,,,,,,
The Titan: Story of Michelangelo,,,,,,,,,,
Aquatic House Party,,,,,,,,,,
Annie Get Your Gun,101,26,77,5,0,0,7.0,4,0,1
Destination Moon,96,42,,,,,,,,
Panic in the Streets,96,57,,,,,,,,
Beaver Valley,5,5,,,,,,,,
Sunset Blvd.,676,193,,,,,,,,
Grandad of Races,4,,,,,,,,,
Seven Days to Noon,38,26,,,,,,,,
All About Eve,409,153,98,15,0,0,8.8,95,4,2
Gerald McBoing-Boing,16,2,,,,,,,,
King Solomon's Mines,83,34,,,,,,,,
Cyrano de Bergerac,56,27,,,,,,,,
Harvey,256,80,,,,,,,,
Born Yesterday,99,57,,,,,,,,
Why Korea?,,,,,,,,,,
A Place in the Sun,184,80,76,8,3,0,8.0,9,0,0
The Great Caruso,29,10,,,,,,,,
World of Kids,,,,,,,,,,
The Lavender Hill Mob,73,58,,,,,,,,
Nature's Half Acre,6,3,,,,,,,,
An American in Paris,185,102,83,14,3,1,6.8,10,1,1
A Streetcar Named Desire,312,93,97,19,1,0,8.4,55,4,1
When Worlds Collide,131,54,,,,,,,,
Here Comes the Groom,26,10,,,,,,,,
The African Queen,277,93,91,14,1,0,7.6,37,8,0
Benjy,,,,,,,,,,
Neighbours,16,6,,,,,,,,
The Greatest Show on Earth,145,63,,,,,,,,
Viva Zapata!,61,39,,,,,,,,
The Two Mouseketeers,10,2,,,,,,,,
With a Song in My Heart,55,9,,,,,,,,
High Noon,429,149,89,7,0,0,8.4,70,5,1
The Quiet Man,292,105,85,16,1,0,tbd,1,2,0
Water Birds,7,3,,,,,,,,
The Sound Barrier,33,30,,,,,,,,
Light in the Window,,,,,,,,,,
Limelight,123,59,,,,,,,,
Plymouth Adventure,23,11,,,,,,,,
"Come Back, Little Sheba",67,15,,,,,,,,
Moulin Rouge,66,30,,,,,,,,
The Bad and the Beautiful,130,88,,,,,,,,
Bear Country,6,4,,,,,,,,
The Alaskan Eskimo,,,,,,,,,,
Call Me Madam,53,13,,,,,,,,
Lili,62,19,,,,,,,,
Johann Mouse,10,3,,,,,,,,
The War of the Worlds,282,83,78,8,0,0,7.1,11,7,0
Titanic,105,23,,,,,,,,
Shane,329,86,80,8,3,0,8.0,9,2,0
Julius Caesar,89,35,,,,,,,,
Stalag 17,172,98,84,13,2,0,7.8,9,1,0
The Sea Around Us,13,7,,,,,,,,
From Here to Eternity,195,124,85,19,1,1,7.8,29,2,4
Roman Holiday,327,133,78,7,1,0,8.4,88,8,4
The Robe,93,48,,,,,,,,
Calamity Jane,96,29,,,,,,,,
Gate of Hell,31,47,,,,,,,,
The Living Desert,21,8,69,4,0,0,tbd,0,0,0
"Toot, Whistle, Plunk and Boom",11,3,,,,,,,,
Overture to the Merry Wives of Windsor,8,,,,,,,,,
The Glenn Miller Story,67,28,,,,,,,,
A Time Out of War,3,,,,,,,,,
Three Coins in the Fountain,54,20,,,,,,,,
The High and the Mighty,187,40,,,,,,,,
Thursday's Children,6,2,,,,,,,,
The Unconquered,2,,,,,,,,,
On the Waterfront,376,165,91,15,0,0,8.7,175,15,7
"20,000 Leagues Under the Sea",159,80,83,6,0,0,7.9,12,0,0
Seven Brides for Seven Brothers,180,69,75,6,1,0,8.2,8,1,0
Broken Lance,52,27,,,,,,,,
The Vanishing Prairie,9,6,,,,,,,,
This Mechanical Age,,,,,,,,,,
Sabrina,213,101,72,5,1,0,7.8,46,7,1
The Road,167,112,,,,,,,,
The Barefoot Contessa,111,49,,,,,,,,
The Country Girl,70,32,,,,,,,,
The Bridges at Toko-Ri,70,22,,,,,,,,
When Magoo Flew,5,5,,,,,,,,
East of Eden,223,96,72,7,3,0,7.5,9,1,1
Marty,182,82,,,,,,,,
Interrupted Melody,28,9,,,,,,,,
Love Me or Leave Me,79,35,,,,,,,,
Mister Roberts,105,34,72,10,2,0,tbd,1,0,0
To Catch a Thief,280,150,82,18,1,0,6.8,5,3,0
Love Is a Many-Splendored Thing,81,31,,,,,,,,
The Bespoke Overcoat,9,3,,,,,,,,
Speedy Gonzales,17,3,,,,,,,,
Survival City,,,,,,,,,,
Oklahoma!,117,47,74,13,2,0,tbd,0,0,0
I'll Cry Tomorrow,36,19,,,,,,,,
The Rose Tattoo,41,21,,,,,,,,
Men Against the Arctic,,,,,,,,,,
Picnic,139,60,,,,,,,,
The Face of Lincoln,,,,,,,,,,
Crashing the Water Barrier,6,,,,,,,,,
The Man Who Knew Too Much,286,90,76,9,1,0,8.4,28,1,0
The Red Balloon,115,45,,,,,,,,
The Silent World,13,14,,,,,,,,
The King and I,112,39,72,4,2,0,8.1,6,0,1
Somebody Up There Likes Me,73,31,,,,,,,,
Magoo's Puddle Jumper,3,4,,,,,,,,
Lust for Life,90,62,,,,,,,,
The Solid Gold Cadillac,29,16,,,,,,,,
Written on the Wind,101,69,86,14,1,0,tbd,1,1,0
The Ten Commandments,322,88,,,,,,,,
Giant,195,117,84,13,2,0,6.9,5,2,1
Around the World in 80 Days,162,44,69,7,3,0,tbd,0,0,0
The Brave One,9,8,,,,,,,,
Anastasia,64,39,,,,,,,,
Designing Woman,52,24,,,,,,,,
Nights of Cabiria,122,102,,,,,,,,
The Wetback Hound,,,,,,,,,,
Birds Anonymous,13,2,,,,,,,,
The Joker Is Wild,31,10,,,,,,,,
The Three Faces of Eve,67,45,,,,,,,,
The Bridge on the River Kwai,368,104,87,13,2,0,8.4,67,5,1
Les Girls,45,24,,,,,,,,
Albert Schweitzer,,2,,,,,,,,
Sayonara,51,23,,,,,,,,
The True Story of the Civil War,,,,,,,,,,
The Enemy Below,113,26,,,,,,,,
South Pacific,136,34,,,,,,,,
Mon Oncle,79,90,,,,,,,,
Gigi,149,77,82,11,2,0,6.8,5,2,1
The Defiant Ones,94,59,69,6,2,0,7.5,3,1,0
Ama Girls,2,,,,,,,,,
White Wilderness,6,8,,,,,,,,
The Big Country,201,58,,,,,,,,
Knighty Knight Bugs,16,3,,,,,,,,
The Old Man and the Sea,59,14,49,2,5,1,tbd,0,0,0
I Want to Live!,88,35,,,,,,,,
Tom Thumb,46,14,,,,,,,,
Grand Canyon,6,,,,,,,,,
Separate Tables,90,28,68,6,1,0,tbd,0,0,0
Room at the Top,61,42,84,6,0,0,tbd,3,0,0
Glass,5,3,,,,,,,,
Moonbird,10,,,,,,,,,
The Diary of Anne Frank,67,33,59,5,5,0,5.8,2,1,1
Some Like It Hot,482,225,98,19,0,0,8.4,147,12,4
Black Orpheus,86,76,81,7,1,0,7.8,15,2,2
Porgy and Bess,67,10,77,3,1,0,tbd,0,0,0
Serengeti,3,2,,,,,,,,
A Hole in the Head,36,24,,,,,,,,
Pillow Talk,108,51,73,8,2,0,tbd,0,0,0
The Golden Fish,7,,,,,,,,,
Ben-Hur,488,133,90,9,0,0,8.8,101,4,4
La Dolce Vita,212,164,95,13,0,0,8.3,64,8,3
The Virgin Spring,111,110,,,,,,,,
Sons and Lovers,22,16,,,,,,,,
Never on Sunday,31,16,,,,,,,,
The Time Machine,255,82,67,5,4,0,6.9,9,0,1
The Apartment,394,235,94,20,1,0,8.7,43,1,1
Elmer Gantry,99,49,,,,,,,,
Song Without End,17,4,,,,,,,,
Day of the Painter,5,,,,,,,,,
Spartacus,351,129,87,16,1,0,8.4,71,10,2
The Alamo,136,48,,,,,,,,
BUtterfield 8,115,22,48,2,5,2,tbd,0,0,0
The Facts of Life,32,10,,,,,,,,
Exodus,90,31,,,,,,,,
The Horse with the Flying Tail,8,,,,,,,,,
Two Women,55,37,,,,,,,,
Giuseppina,6,,,,,,,,,
The Guns of Navarone,185,48,72,6,2,0,tbd,1,1,0
"The Sky Above, the Mud Below",8,3,,,,,,,,
Splendor in the Grass,148,57,74,6,4,0,7.0,4,1,0
The Hustler,231,111,90,17,1,0,8.2,16,2,0
Munro,7,,,,,,,,,
Breakfast at Tiffany's,505,185,76,5,1,0,7.5,101,20,7
Through a Glass Darkly,78,63,84,10,0,0,tbd,0,0,0
West Side Story,483,155,86,14,3,0,7.5,48,11,5
Judgment at Nuremberg,247,105,60,3,4,0,8.4,24,2,1
Divorce Italian Style,46,47,,,,,,,,
The Substitute,7,,,,,,,,,
Project Hope,,,,,,,,,,
Seawards the Great Ships,3,,,,,,,,,
A Tribute to Dylan Thomas,,,,,,,,,,
Occurrence at Owl Creek Bridge,64,13,,,,,,,,
Sweet Bird of Youth,46,21,,,,,,,,
The Miracle Worker,111,48,83,7,0,0,7.1,7,0,2
The Hole,7,,,,,,,,,
The Music Man,153,34,,,,,,,,
The Wonderful World of the Brothers Grimm,36,17,,,,,,,,
The Longest Day,252,59,75,4,3,0,7.7,10,1,0
Sundays and Cybèle,36,20,,,,,,,,
Happy Anniversary,4,7,,,,,,,,
What Ever Happened to Baby Jane?,273,115,75,11,4,0,8.0,13,0,1
How the West Was Won,191,46,56,2,4,0,7.3,5,1,0
Lawrence of Arabia,736,159,100,8,0,0,8.7,328,28,20
To Kill a Mockingbird,599,159,88,14,2,0,8.5,77,5,2
Days of Wine and Roses,133,49,74,6,1,0,7.7,5,1,0
Black Fox: The True Story of Adolf Hitler,9,,,,,,,,,
8½,297,127,91,23,0,0,7.7,12,4,2
Papa's Delicate Condition,8,6,,,,,,,,
The Critic,16,4,,,,,,,,
Hud,161,62,62,5,3,0,7.3,4,0,0
Irma la Douce,78,59,,,,,,,,
Cleopatra,253,88,60,7,5,2,7.0,12,7,1
Tom Jones,83,44,77,13,2,0,7.0,4,0,1
Lilies of the Field,112,28,61,5,3,0,6.8,2,2,0
The V.I.P.s,69,27,51,3,2,1,tbd,2,1,0
Chagall,,,,,,,,,,
The Chicken,6,,,,,,,,,
It's a Mad Mad Mad Mad World,426,71,59,5,4,1,7.8,6,3,0
America America,40,32,72,9,3,0,tbd,0,0,0
"Yesterday, Today and Tomorrow",37,31,,,,,,,,
Robert Frost: A Lover's Quarrel with the World,2,4,,,,,,,,
Becket,114,52,68,8,1,1,7.4,20,4,1
To Be Alive!,,3,,,,,,,,
The Night of the Iguana,99,35,,,,,,,,
Mary Poppins,354,111,88,13,0,0,8.0,67,6,5
Topkapi,98,37,,,,,,,,
Goldfinger,543,137,87,10,2,0,8.3,102,13,1
World Without Sun,2,4,,,,,,,,
My Fair Lady,377,107,95,13,2,0,7.7,27,5,2
Father Goose,81,33,,,,,,,,
Zorba the Greek,96,40,,,,,,,,
The Pink Phink,16,,,,,,,,,
Casals Conducts: 1964,,,,,,,,,,
Nine from Little Rock,,,,,,,,,,
The Sound of Music,544,136,63,6,3,2,8.5,55,3,3
The Shop on Main Street,52,42,,,,,,,,
The Sandpiper,59,29,,,,,,,,
Cat Ballou,109,48,60,3,4,0,6.3,3,3,0
The Great Race,180,40,71,5,0,0,7.0,3,1,1
Darling,72,55,,,,,,,,
Ship of Fools,81,29,,,,,,,,
War and Peace,72,29,,,,,,,,
The Eleanor Roosevelt Story,2,3,,,,,,,,
Thunderball,382,118,64,5,4,0,6.7,44,23,3
A Patch of Blue,103,27,73,4,1,0,tbd,2,0,0
A Thousand Clowns,79,29,,,,,,,,
The Dot and the Line: A Romance in Lower Mathematics,19,6,,,,,,,,
Doctor Zhivago,327,106,69,11,2,1,8.3,30,3,0
Wild Wings,2,,,,,,,,,
Born Free,44,27,,,,,,,,
The War Game,67,57,,,,,,,,
A Herb Alpert & the Tijuana Brass Double Feature,3,,,,,,,,,
A Man and a Woman,72,37,,,,,,,,
Who's Afraid of Virginia Woolf?,324,103,75,9,2,0,7.8,14,3,0
Fantastic Voyage,131,71,72,7,2,0,6.2,3,3,0
A Funny Thing Happened on the Way to the Forum,94,32,,,,,,,,
Closely Watched Trains,58,63,,,,,,,,
The Fortune Cookie,82,47,63,6,3,0,tbd,2,1,0
A Man for All Seasons,203,81,72,7,4,0,7.1,8,2,1
Grand Prix,141,48,72,5,3,0,tbd,3,0,0
A Year Toward Tomorrow,,,,,,,,,,
The Anderson Platoon,6,2,,,,,,,,
The Box,5,2,,,,,,,,
Camelot,117,42,70,2,3,0,tbd,1,1,0
Thoroughly Modern Millie,104,25,,,,,,,,
The Dirty Dozen,206,92,73,9,2,0,7.7,11,2,1
In the Heat of the Night,267,98,75,12,2,0,8.0,24,4,0
Bonnie and Clyde,510,118,86,16,3,1,8.2,116,7,4
A Place to Stand,5,,,,,,,,,
Cool Hand Luke,381,131,92,16,0,0,8.6,53,3,1
The Producers,288,108,96,6,0,0,8.4,53,5,2
Doctor Dolittle,67,28,34,1,3,2,tbd,1,1,0
Guess Who's Coming to Dinner,437,75,63,3,2,1,7.3,15,2,1
The Graduate,816,190,83,15,4,0,7.4,162,15,29
The Redwoods,,,,,,,,,,
Why Man Creates,36,2,,,,,,,,
Romeo and Juliet,229,38,69,6,6,0,tbd,2,1,0
2001: A Space Odyssey,2.4K,285,84,20,3,2,8.2,"1,041",75,148
Rosemary's Baby,628,267,96,14,1,0,8.2,179,16,9
The Thomas Crown Affair,161,78,66,5,2,0,7.0,7,3,0
Charly,70,40,50,1,5,0,tbd,1,0,0
Robert Kennedy Remembered,3,,,,,,,,,
Funny Girl,112,57,89,13,2,0,7.0,21,7,4
Oliver!,196,52,74,7,4,0,6.7,5,1,1
The Subject Was Roses,28,8,,,,,,,,
Bullitt,408,118,81,18,2,0,7.0,18,1,4
The Lion in Winter,202,75,,,,,,,,
Winnie the Pooh and the Blustery Day,14,3,,,,,,,,
The Prime of Miss Jean Brodie,91,40,,,,,,,,
Z,115,85,86,18,1,0,7.0,6,2,2
Journey Into Self,,,,,,,,,,
Midnight Cowboy,424,130,79,14,2,0,8.2,40,5,1
True Grit,201,82,83,15,2,0,tbd,2,1,0
Love of Life,6,,,,,,,,,
Butch Cassidy and the Sundance Kid,465,113,66,10,0,3,8.6,156,5,5
Marooned,94,30,62,5,2,0,tbd,0,1,1
Women in Love,73,50,,,,,,,,
It's Tough to Be a Bird,4,,,,,,,,,
"They Shoot Horses, Don't They?",119,66,72,6,2,0,7.3,5,2,0
Cactus Flower,75,41,67,2,3,0,8.0,5,0,0
"Hello, Dolly!",145,34,51,3,8,0,tbd,1,2,0
Anne of the Thousand Days,86,32,,,,,,,,
Czechoslovakia 1918-1968,2,,,,,,,,,
The Magic Machines,,,,,,,,,,
MASH,274,128,80,7,1,0,7.3,47,11,4
Patton,322,119,91,9,0,0,8.3,111,9,2
Investigation of a Citizen Above Suspicion,40,67,89,10,0,0,7.8,10,1,1
Airport,204,83,42,0,5,0,7.7,7,2,0
Woodstock,74,67,95,9,0,0,tbd,1,0,0
Let It Be,85,16,69,5,2,0,tbd,3,0,0
The Resurrection of Broncho Billy,5,5,,,,,,,,
Cromwell,109,25,,,,,,,,
Lovers and Other Strangers,23,14,,,,,,,,
Tora! Tora! Tora!,,,,,,,,,,
Ryan's Daughter,138,46,,,,,,,,
Is It Always Right to Be Right?,12,,,,,,,,,
The Garden of the Finzi-Continis,40,44,,,,,,,,
Love Story,207,61,84,4,1,0,7.6,24,8,1
Interviews with My Lai Veterans,4,2,,,,,,,,
Summer of '42,117,33,,,,,,,,
The Hellstrom Chronicle,20,24,,,,,,,,
Sentinels of Silence,3,,,,,,,,,
Klute,162,89,81,13,2,0,7.5,3,1,0
Shaft,105,71,66,9,1,0,7.3,6,1,0
The Last Picture Show,215,100,93,15,0,0,8.4,24,1,0
Bedknobs and Broomsticks,121,54,59,5,6,0,6.7,4,1,1
The French Connection,374,174,94,17,1,0,8.4,163,23,4
Fiddler on the Roof,185,68,67,9,4,0,7.9,13,1,1
Nicholas and Alexandra,74,23,,,,,,,,
The Hospital,81,38,72,4,3,0,tbd,2,0,0
A Christmas Carol,31,7,,,,,,,,
The Crunch Bird,10,,,,,,,,,
Cabaret,,,,,,,,,,
The Godfather,4.9K,272,100,16,0,0,9.2,"3,483",98,116
Marjoe,30,37,,,,,,,,
The Candidate,84,49,66,7,2,1,6.8,2,2,0
Norman Rockwell's World... An American Dream,,,,,,,,,,
Butterflies Are Free,45,11,,,,,,,,
The Discreet Charm of the Bourgeoisie,94,95,93,12,0,0,8.0,57,4,8
The Poseidon Adventure,302,73,70,8,2,0,7.7,11,3,0
Travels with My Aunt,32,17,,,,,,,,
Cries & Whispers,229,97,,,,,,,,
This Tiny World,,,,,,,,,,
Save the Tiger,60,38,,,,,,,,
Paper Moon,173,62,77,6,2,0,8.6,21,1,0
Frank Film,9,3,,,,,,,,
Day for Night,84,88,,,,,,,,
A Touch of Class,41,17,,,,,,,,
The Paper Chase,95,22,65,3,4,0,tbd,2,0,0
The Way We Were,132,54,61,6,5,0,7.1,5,2,0
The Bolero,6,,,,,,,,,
Amarcord,135,108,,,,,,,,
The Sting,340,132,83,12,5,0,8.2,56,5,2
The Exorcist,1.3K,230,81,16,5,0,8.7,435,33,17
Princeton: A Search for Answers,3,,,,,,,,,
The Great Gatsby,159,46,43,2,1,2,6.0,11,9,5
Hearts and Minds,46,68,68,6,3,0,7.2,10,1,2
Chinatown,594,161,92,22,0,0,8.8,331,19,6
Harry and Tonto,74,40,72,9,4,0,tbd,1,0,0
The Great American Cowboy,,2,,,,,,,,
Closed Mondays,12,2,,,,,,,,
One-Eyed Men Are Kings,,,,,,,,,,
Earthquake,185,86,56,2,3,1,6.5,1,3,0
Murder on the Orient Express,251,74,63,4,1,1,7.1,22,6,2
Alice Doesn't Live Here Anymore,118,62,78,7,4,0,7.1,13,5,1
The Godfather: Part II,1.2K,183,90,17,1,0,9.1,992,30,31
The Towering Inferno,260,92,69,9,2,0,8.2,15,1,0
Shampoo,126,63,65,7,4,0,6.8,4,2,0
Nashville,189,109,96,24,0,0,8.6,13,0,0
Jaws,1.3K,287,87,19,2,0,8.7,609,34,17
Dersu Uzala,109,54,,,,,,,,
Dog Day Afternoon,353,92,86,14,1,0,8.6,75,3,1
The Man Who Skied Down Everest,17,15,,,,,,,,
Don't,,,,,,,,,,
The Sunshine Boys,60,20,,,,,,,,
One Flew Over the Cuckoo's Nest,1.1K,178,84,18,2,0,8.8,472,23,15
Barry Lyndon,513,115,89,19,2,0,8.6,76,8,4
The End of the Game,2,,,,,,,,,
Great (Isambard Kingdom Brunel),20,2,,,,,,,,
All the President's Men,276,152,84,17,1,0,8.1,41,3,0
Angel and Big Joe,,,,,,,,,,
The Omen,402,148,62,5,5,0,7.9,46,5,0
Black and White in Color,20,10,,,,,,,,
In the Region of Ice,,,,,,,,,,
Harlan County U.S.A.,58,36,80,5,0,0,6.5,10,2,3
Network,425,182,83,13,2,1,8.4,59,6,2
Rocky,778,190,70,10,4,0,8.5,180,13,7
Bound for Glory,57,39,70,6,4,0,tbd,0,0,0
Fellini's Casanova,47,54,,,,,,,,
A Star Is Born,108,45,59,4,5,0,4.4,2,11,5
Leisure,4,,,,,,,,,
Number Our Days,3,,,,,,,,,
The Fifth Estate,,,,,,,,,,
Annie Hall,558,153,92,19,1,0,6.6,136,18,42
Star Wars,2K,207,90,22,1,1,8.8,"2,286",75,62
The Sand Castle,5,,,,,,,,,
You Light Up My Life,26,9,,,,,,,,
A Little Night Music,37,7,,,,,,,,
Who Are the DeBolts? and Where Did They Get Nineteen Kids?,3,7,,,,,,,,
Julia,62,41,58,3,3,0,tbd,2,0,0
Gravity Is My Enemy,,,,,,,,,,
Madame Rosa,9,8,,,,,,,,
Close Encounters of the Third Kind,492,228,90,10,0,0,7.8,185,34,7
The Goodbye Girl,96,42,64,7,4,0,7.1,6,1,0
I'll Find a Way,2,,,,,,,,,
Get Out Your Handkerchiefs,26,29,,,,,,,,
Coming Home,82,52,61,3,6,0,tbd,1,2,0
The Buddy Holly Story,72,33,78,11,0,0,tbd,0,1,0
Midnight Express,301,74,59,5,5,1,7.7,17,7,0
Thank God It's Friday,55,24,,,,,,,,
Heaven Can Wait,121,49,72,7,3,0,7.9,8,0,0
Days of Heaven,235,119,93,17,2,0,8.4,145,15,5
Death on the Nile,157,70,59,2,6,0,6.9,5,2,0
Special Delivery,10,,,,,,,,,
The Flight of the Gossamer Condor,2,,,,,,,,,
The Deer Hunter,1.2K,141,86,16,2,0,7.6,183,25,28
California Suite,60,35,,,,,,,,
Scared Straight!,15,9,,,,,,,,
Teenage Father,,,,,,,,,,
Norma Rae,58,36,61,6,3,1,7.4,10,2,0
A Little Romance,64,27,52,5,4,1,tbd,0,0,0
The Tin Drum,91,93,63,7,4,0,7.4,5,0,0
Apocalypse Now,1.3K,297,94,14,1,0,8.8,650,35,24
Alien,1.6K,318,89,31,1,2,8.9,967,30,16
Breaking Away,121,70,91,15,0,0,8.4,14,1,0
Best Boy,6,8,,,,,,,,
Tess,94,68,82,12,3,0,8.5,11,1,0
Paul Robeson: Tribute to an Artist,6,2,,,,,,,,
Kramer vs. Kramer,258,95,77,7,1,1,8.4,84,7,2
All That Jazz,181,99,72,8,4,1,7.8,15,4,0
Being There,355,122,83,15,1,0,7.4,13,4,1
Every Child,6,,,,,,,,,
From Mao to Mozart: Isaac Stern in China,2,5,,,,,,,,
Moscow Does Not Believe in Tears,48,12,,,,,,,,
Coal Miner's Daughter,107,50,87,6,0,0,6.8,6,0,2
Board and Care,2,,,,,,,,,
The Fly,10,,,,,,,,,
Fame,120,52,58,6,5,1,tbd,2,1,0
Star Wars: Episode V - The Empire Strikes Back,1.3K,236,82,19,6,0,9.1,"1,896",36,74
Melvin and Howard,41,28,,,,,,,,
Ordinary People,348,74,86,17,1,0,6.5,35,6,11
Karl Hess: Toward Liberty,2,,,,,,,,,
Raging Bull,654,151,89,25,1,1,7.0,419,32,116
Crac,11,,,,,,,,,
Mephisto,26,35,,,,,,,,
The Dollar Bottom,3,,,,,,,,,
Chariots of Fire,259,96,78,13,5,1,7.2,10,5,0
Tango,10,4,,,,,,,,
Indiana Jones and the Raiders of the Lost Ark,1K,272,85,14,1,1,8.9,865,36,21
Arthur,142,48,69,7,5,0,7.3,6,3,0
An American Werewolf in London,461,256,55,7,6,2,7.9,81,15,4
On Golden Pond,143,44,68,9,4,1,7.4,7,1,0
Reds,151,59,76,11,4,0,8.3,14,1,1
Quest for Fire,113,67,79,6,5,0,6.0,3,1,1
Close Harmony,,,,,,,,,,
Violet,,,,,,,,,,
Missing,106,69,78,8,2,0,7.6,7,2,0
Genocide,10,3,,,,,,,,
Volver a empezar,15,5,,,,,,,,
Victor/Victoria,133,40,84,10,2,0,7.5,7,3,0
E.T. the Extra-Terrestrial,677,253,91,28,2,0,8.2,463,54,25
An Officer and a Gentleman,168,52,75,6,2,0,7.6,34,8,1
If You Love This Planet,8,2,,,,,,,,
A Shocking Accident,,,,,,,,,,
Gandhi,321,110,79,12,4,0,8.7,33,2,0
Tootsie,262,98,88,19,2,0,8.0,93,13,3
Sophie's Choice,194,42,68,7,1,1,7.8,40,4,4
Fanny and Alexander,156,102,100,8,0,0,8.5,95,12,5
The Year of Living Dangerously,117,38,65,5,4,0,7.7,17,4,2
Tender Mercies,90,36,76,7,2,0,tbd,2,0,0
Flashdance,167,65,39,2,3,6,6.3,22,16,9
The Right Stuff,206,71,91,15,1,0,8.1,18,2,1
Boys and Girls,4,,,,,,,,,
Yentl,100,32,68,6,5,0,7.0,2,2,0
Terms of Endearment,222,63,79,8,2,0,7.5,44,9,3
He Makes Me Feel Like Dancin',,,,,,,,,,
Flamenco at 5:15,4,,,,,,,,,
Sundae in New York,9,,,,,,,,,
Dangerous Moves,10,9,,,,,,,,
Indiana Jones and the Temple of Doom,754,168,57,7,6,1,7.7,339,51,17
Charade,8,,,,,,,,,
Purple Rain,135,81,55,7,5,2,7.0,22,7,4
The Woman in Red,60,28,55,4,5,1,6.8,2,2,0
Anna & Bella,7,,,,,,,,,
Amadeus,696,126,88,25,3,0,8.3,350,23,29
Places in the Heart,68,33,70,9,3,0,8.1,6,1,0
The Times of Harvey Milk,47,44,,,,,,,,
The Killing Fields,225,73,76,15,2,1,7.3,5,0,1
A Passage to India,116,51,78,10,4,0,tbd,2,1,0
The Stone Carvers,2,,,,,,,,,
Witness,235,105,76,10,4,0,8.3,75,11,1
Mask,110,29,73,8,3,0,8.4,7,1,0
Artie Shaw: Time Is All You've Got,4,,,,,,,,,
The Official Story,53,29,,,,,,,,
Witness to War: Dr. Charlie Clements,,,,,,,,,,
Up,4,,,,,,,,,
Kiss of the Spider Woman,70,47,80,10,0,0,8.2,11,3,0
Ran,322,167,96,20,1,0,8.4,152,18,8
Prizzi's Honor,98,48,84,13,3,0,6.3,5,2,1
Cocoon,104,61,65,10,7,0,7.9,13,4,0
A Greek Tragedy,5,,,,,,,,,
Back to the Future,1.4K,259,87,25,1,0,9.0,864,23,19
Broken Rainbow,7,5,,,,,,,,
White Nights,48,19,46,4,3,3,7.8,3,2,0
Out of Africa,261,77,69,9,9,0,6.9,9,4,1
A Room with a View,119,61,83,18,2,1,7.3,37,3,6
The Trip to Bountiful,73,18,81,7,3,0,tbd,0,0,0
Molly's Pilgrim,,,,,,,,,,
Hannah and Her Sisters,195,80,90,12,0,0,8.0,73,6,5
The Assault,16,10,,,,,,,,
Precious Images,11,,,,,,,,,
Top Gun,581,208,50,6,7,2,7.2,60,25,5
The Mission,234,68,55,8,9,1,8.6,8,1,0
Aliens,1.4K,219,84,20,2,0,9.0,916,29,16
The Fly,414,193,79,8,2,1,8.3,161,17,6
'Round Midnight,25,16,,,,,,,,
Children of a Lesser God,72,34,80,10,3,0,7.8,4,0,0
The Color of Money,163,61,77,15,2,0,7.6,24,7,0
Platoon,659,134,92,16,0,0,8.0,112,14,6
Down and Out in America,3,,,,,,,,,
"Women - for America, for the World",,,,,,,,,,
The Man Who Planted Trees,41,8,,,,,,,,
Babette's Feast,122,67,78,15,3,0,8.0,4,0,0
The Untouchables,575,136,79,13,,,79,13,,
Harry and the Hendersons,60,31,42,2,6,2,6.5,9,9,2
Innerspace,105,79,66,9,6,0,8.3,7,0,0
Dirty Dancing,519,117,65,14,5,1,7.6,87,20,7
 American Masters,2,,,,,,,,,
The Ten-Year Lunch: The Wit and Legend of the Algonquin Round Table,7,,,,,,,,,
The Last Emperor,196,85,76,14,1,0,8.1,63,7,2
Ray's Male Heterosexual Dance Hall,5,,,,,,,,,
Moonstruck,194,85,83,16,2,0,8.4,88,8,7
Wall Street,251,116,56,8,6,2,8.5,117,14,3
Pelle the Conqueror,56,25,,,,,,,,
Young at Heart,,,,,,,,,,
The Milagro Beanfield War,59,14,,,,,,,,
Beetlejuice,431,127,70,13,4,1,8.6,348,24,6
Bird,48,32,78,13,1,0,7.2,10,2,2
Hôtel Terminus,21,27,,,,,,,,
Who Framed Roger Rabbit,321,148,83,10,4,1,8.6,282,15,11
A Fish Called Wanda,261,112,80,14,2,1,8.4,131,11,7
Tin Toy,29,10,,,,,,,,
The Appointments of Dennis Jennings,6,,,,,,,,,
Cinema Paradiso,581,118,80,18,3,0,8.8,174,9,8
The Accused,121,37,65,8,4,0,8.1,17,2,0
Mississippi Burning,230,74,65,8,1,2,8.4,90,6,6
Dangerous Liaisons,167,57,74,13,3,1,7.6,62,6,5
Rain Man,499,96,65,12,4,2,8.5,265,26,6
Working Girl,163,53,73,14,2,1,8.3,49,9,1
The Accidental Tourist,111,39,53,6,2,4,7.2,10,6,2
You Don't Have to Die,2,,,,,,,,,
My Left Foot,116,55,97,17,0,0,8.4,76,6,1
Indiana Jones and the Last Crusade,650,178,65,8,5,1,8.4,450,34,15
Dead Poets Society,732,114,79,11,3,0,8.3,244,17,10
Batman,1K,234,69,16,5,0,8.1,735,67,41
Balance,26,7,,,,,,,,
Creature Comforts,24,8,,,,,,,,
The Abyss,487,106,62,7,6,1,7.6,93,15,5
Henry V,129,48,83,17,0,0,7.2,20,8,1
Common Threads: Stories from the Quilt,9,7,,,,,,,,
The Little Mermaid,316,112,88,21,3,0,7.7,92,11,5
The Lunch Date,142,,,,,,,,,
Driving Miss Daisy,204,70,81,15,2,0,8.2,87,14,2
Glory,488,69,78,19,3,0,7.8,12,1,0
Born on the Fourth of July,220,55,75,10,6,0,7.8,65,11,3
The Johnstown Flood,2,,,,,,,,,
Work Experience,,,,,,,,,,
The Hunt for Red October,338,116,58,9,6,2,7.5,103,14,14
Cyrano de Bergerac,90,32,79,17,2,0,7.9,7,1,0
Dick Tracy,202,100,68,16,8,0,7.1,5,2,0
Ghost,353,98,52,5,10,2,8.4,167,22,14
Journey of Hope,17,30,,,,,,,,
Goodfellas,1.6K,158,90,20,1,0,8.7,"1,076",29,60
Reversal of Fortune,77,39,93,17,1,0,8.1,32,1,1
American Dream,17,15,,,,,,,,
Dances with Wolves,524,90,72,15,4,1,8.5,204,12,5
Misery,463,174,75,20,3,0,8.3,77,7,1
Manipulation,5,,,,,,,,,
The Silence of the Lambs,1.5K,245,85,18,2,0,8.8,761,22,15
Mediterraneo,52,13,,,,,,,,
Days of Waiting,2,,,,,,,,,
Thelma & Louise,371,131,88,12,0,0,8.2,157,19,7
City Slickers,107,54,70,19,6,0,7.5,8,3,0
Terminator 2: Judgment Day,1.4K,303,75,18,3,1,9.0,"1,134",32,55
In the Shadow of the Stars,4,3,,,,,,,,
The Fisher King,222,95,61,6,2,1,8.4,95,10,4
Beauty and the Beast,473,208,95,22,0,0,8.5,275,18,8
"Deadly Deception: General Electric, Nuclear Weapons and Our Environment",2,,,,,,,,,
Bugsy,84,58,80,25,2,0,8.1,13,2,0
JFK,536,91,72,22,5,2,8.4,87,8,3
Session Man,8,,,,,,,,,
Howards End,113,56,88,10,1,0,8.1,31,6,1
My Cousin Vinny,308,54,68,17,,,68,17,,
Indochine,60,27,,,,,,,,
Omnibus,5,,,,,,,,,
Death Becomes Her,241,89,56,10,14,0,8.5,40,7,0
The Panama Deception,23,15,,,,,,,,
Unforgiven,669,136,85,29,3,1,8.4,241,22,9
The Last of the Mohicans,501,88,76,17,1,0,8.1,111,13,6
The Crying Game,189,60,90,21,1,0,7.6,59,12,5
A River Runs Through It,175,55,68,15,6,0,7.0,30,11,2
Mona Lisa Descending a Staircase,11,2,,,,,,,,
Aladdin,375,152,86,24,0,1,8.7,180,8,1
Bram Stoker's Dracula,830,200,57,10,4,3,8.4,303,37,20
Belle Epoque,52,16,,,,,,,,
Scent of a Woman,477,60,59,7,5,2,8.5,228,22,12
Educating Peter,8,,,,,,,,,
Black Rider,13,,,,,,,,,
The Piano,292,80,89,19,0,1,8.0,102,15,8
Jurassic Park,1.3K,241,68,15,,,68,15,,
The Fugitive,384,115,87,31,1,0,8.7,282,14,7
The Age of Innocence,201,75,90,32,3,0,7.9,75,8,7
The Wrong Trousers,115,25,,,,,,,,
I Am a Promise: The Children of Stanton Elementary School,6,2,,,,,,,,
Mrs. Doubtfire,322,59,53,8,5,3,8.1,182,27,9
Schindler's List,2.1K,169,94,25,,,94,25,,
Philadelphia,319,68,66,15,5,1,7.7,120,18,3
Bob's Birthday,8,,,,,,,,,
Franz Kafka's It's a Wonderful Life,12,3,,,,,,,,
"The Adventures of Priscilla, Queen of the Desert",165,39,70,14,6,0,7.9,26,2,1
Trevor,12,,,,,,,,,
Burnt by the Sun,84,30,,,,,,,,
Defending Our Lives,3,,,,,,,,,
Pulp Fiction,3.4K,293,94,23,1,0,9.0,"2,999",82,131
Speed,522,139,78,15,2,0,8.6,324,29,12
The Lion King,1.1K,227,88,28,2,0,8.8,798,28,36
Forrest Gump,2.9K,168,82,18,2,0,7.8,"1,204",48,225
Blue Sky,42,33,,,,,,,,
The Postman,133,39,81,11,2,0,8.1,30,2,0
Bullets Over Broadway,97,66,,,,,,,,
Ed Wood,483,108,70,14,3,2,7.2,176,18,38
Maya Lin: A Strong Clear Vision,8,8,,,,,,,,
Legends of the Fall,449,71,45,7,6,10,7.0,57,21,9
The Madness of King George,68,41,89,19,0,0,7.5,6,2,0
A Time for Justice,,,,,,,,,,
The Usual Suspects,1.4K,147,77,18,3,1,8.8,599,34,17
One Survivor Remembers,2,,,,,,,,,
Braveheart,1.3K,148,68,15,3,2,8.3,538,42,51
Anne Frank Remembered,15,18,,,,,,,,
Pocahontas,284,93,58,14,6,3,7.2,94,47,7
Apollo 13,439,161,77,17,5,0,8.0,193,26,4
Babe,237,54,83,16,0,0,7.7,92,27,4
Mighty Aphrodite,98,55,59,9,7,0,8.4,44,4,0
Antonia's Line,82,48,,,,,,,,
Leaving Las Vegas,374,107,82,21,2,0,8.7,215,13,9
Sense and Sensibility,281,59,84,21,0,0,8.3,93,6,2
A Close Shave,65,23,,,,,,,,
Dead Man Walking,233,68,80,22,2,2,7.8,57,12,4
Restoration,51,20,66,12,4,0,tbd,2,0,0
Lieberman in Love,2,,,,,,,,,
Shine,125,64,87,25,0,0,8.2,53,6,0
When We Were Kings,71,73,83,20,1,0,8.5,18,0,2
Fargo,1K,231,85,22,3,0,8.7,690,50,18
Breathing Lessons: The Life and Work of Mark O'Brien,8,,,,,,,,,
Quest,6,,,,,,,,,
Kolya,66,62,,,,,,,,
Emma,163,57,66,15,6,1,8.2,34,4,2
Independence Day,1K,197,59,9,8,2,6.8,205,99,30
The Nutty Professor,138,51,62,13,7,0,6.9,40,34,4
Sling Blade,342,85,84,25,1,0,8.4,84,9,2
The Ghost and the Darkness,198,69,,,,,,,,
The English Patient,545,126,87,28,3,0,7.2,129,26,21
Jerry Maguire,394,124,77,24,4,0,8.4,200,22,6
Evita,215,66,45,8,12,3,7.8,89,11,17
Dear Diary,3,,,,,,,,,
Character,72,51,,,,,,,,
Visas and Virtue,3,3,,,,,,,,
The Long Way Home,6,12,,,,,,,,
L.A. Confidential,789,147,90,27,1,0,8.7,537,22,15
Men in Black,383,164,71,15,7,0,8.7,575,57,7
The Full Monty,208,86,75,29,2,0,8.5,79,8,2
Affliction,203,66,79,29,5,1,8.2,21,2,1
Titanic,3.1K,331,75,26,6,3,8.5,"1,234",79,99
Geri's Game,50,14,,,,,,,,
Good Will Hunting,995,158,70,23,5,0,8.7,549,29,12
As Good as It Gets,598,135,67,19,10,1,8.6,251,26,7
Life Is Beautiful,1.4K,153,59,21,6,5,7.8,283,32,42
A Story of Healing,,,,,,,,,,
Gods and Monsters,245,68,74,28,3,1,7.6,24,8,0
Saving Private Ryan,2.8K,267,91,37,1,0,8.9,"1,145",39,39
The Red Violin,280,57,57,11,10,1,8.0,21,1,2
Elizabeth,448,114,75,25,4,1,7.4,59,7,9
What Dreams May Come,704,80,44,4,15,6,6.8,48,27,9
The Last Days,37,40,85,23,2,0,tbd,2,0,0
My Mother Dreams the Satan's Disciples in New York,8,,,,,,,,,
Bunny,23,2,,,,,,,,
Shakespeare in Love,812,120,87,30,3,0,7.1,130,36,19
The Prince of Egypt,460,101,64,18,7,1,8.6,157,11,5
Election Night,12,4,,,,,,,,
The Matrix,4.8K,250,73,29,5,1,8.9,"1,763",65,52
All About My Mother,256,86,87,34,0,0,8.5,100,7,0
The Personals,,,,,,,,,,
Tarzan,328,134,79,22,5,0,7.8,194,29,11
The Old Man and the Sea,16,10,,,,,,,,
Boys Don't Cry,453,71,86,32,1,0,7.6,95,13,7
Topsy-Turvy,216,76,90,30,1,0,8.0,23,3,1
The Cider House Rules,437,119,75,29,3,0,8.6,108,8,6
American Beauty,3K,212,84,30,3,1,8.9,"1,089",34,47
One Day in September,63,53,82,19,1,0,5.8,10,1,6
Sleepy Hollow,1K,244,65,26,8,1,8.8,543,47,8
"Girl, Interrupted",451,63,51,14,14,4,7.5,85,25,6
King Gimp,4,,,,,,,,,
Wonder Boys,363,143,73,28,8,0,8.0,37,5,2
Erin Brockovich,562,138,73,26,9,1,8.2,144,20,5
U-571,660,147,62,22,11,2,6.8,34,10,6
Gladiator,2.8K,218,67,33,12,1,8.8,942,56,24
"Crouching Tiger, Hidden Dragon",1.7K,282,94,32,0,0,8.1,556,52,56
Quiero ser (I want to be...),2,,,,,,,,,
For the Birds,66,11,,,,,,,,
Pollock,158,110,77,28,3,0,8.7,56,6,1
Into the Arms of Strangers: Stories of the Kindertransport,20,30,79,23,2,0,7.4,6,1,0
Almost Famous,921,169,90,37,1,0,6.1,292,26,130
Father and Daughter,225,7,,,,,,,,
How the Grinch Stole Christmas,677,129,46,11,10,8,6.5,116,81,25
Traffic,912,178,86,31,3,0,8.8,293,23,6
Big Mama,,,,,,,,,,
The Accountant,35,3,,,,,,,,
Shrek,1.1K,173,84,31,3,0,8.8,951,37,22
Moulin Rouge!,2.3K,201,66,22,10,3,8.4,402,38,37
No Man's Land,187,103,84,28,1,0,8.0,36,4,4
Pearl Harbor,2K,163,44,9,20,6,5.6,110,77,73
Spirited Away,1.5K,211,96,41,0,0,8.9,"1,755",44,105
Training Day,765,125,69,26,8,1,8.8,403,23,4
Murder on a Sunday Morning,32,8,,,,,,,,
"Monsters, Inc.",762,242,79,31,4,0,8.6,659,24,12
Gosford Park,685,130,90,32,1,1,7.3,124,17,20
Monster's Ball,545,138,69,25,6,1,4.0,41,17,53
The Lord of the Rings: The Fellowship of the Ring,5.6K,212,92,33,1,0,9.1,"2,193",59,81
A Beautiful Mind,1.3K,154,72,22,,,72,22,,
Iris,152,91,76,25,5,0,7.3,16,3,1
Black Hawk Down,1.1K,213,74,24,8,1,7.9,275,27,16
Nowhere in Africa,93,74,72,23,8,0,7.9,16,0,1
Talk to Her,275,90,86,31,3,0,8.2,77,9,2
Thoth,5,5,,,,,,,,
Bowling for Columbine,896,204,72,24,8,0,7.1,95,6,23
The Pianist,1K,140,85,37,3,0,7.9,428,25,52
The Chubbchubbs!,25,3,,,,,,,,
Road to Perdition,1.1K,207,72,29,7,0,8.0,339,33,33
Frida,305,131,61,20,17,1,7.2,45,5,3
8 Mile,657,112,77,34,4,0,8.6,542,39,23
This Charming Man,10,2,,,,,,,,
Adaptation.,779,107,83,36,2,2,8.1,223,28,15
The Lord of the Rings: The Two Towers,2.6K,313,87,38,1,0,9.0,"1,772",43,63
Chicago,1K,213,81,32,5,2,7.9,190,38,10
The Hours,696,159,80,35,4,1,8.6,181,21,9
Twin Towers,7,3,,,,,,,,
Finding Nemo,1K,157,90,37,1,0,8.7,995,41,32
The Fog of War,166,132,87,33,3,0,7.5,35,2,7
The Barbarian Invasions,173,121,70,27,5,2,5.6,9,2,4
Mystic River,1.1K,217,84,37,4,1,7.1,339,39,66
Harvie Krumpet,31,22,,,,,,,,
Two Soldiers,11,2,,,,,,,,
Chernobyl Heart,14,,,,,,,,,
Lost in Translation,2K,287,89,42,2,0,7.5,605,66,105
Wasp,27,12,,,,,,,,
Master and Commander: The Far Side of the World,785,259,81,34,7,1,6.6,198,24,64
Monster,604,189,74,35,5,0,7.3,103,19,16
The Lord of the Rings: The Return of the King,4K,339,94,40,1,0,8.9,"2,882",72,198
Cold Mountain,722,171,73,34,6,1,5.8,105,24,51
The Motorcycle Diaries,312,190,75,31,6,0,7.6,54,8,4
Born Into Brothels: Calcutta's Red Light Kids,104,68,78,30,2,0,8.1,19,2,1
Eternal Sunshine of the Spotless Mind,1.9K,301,89,40,1,0,8.9,"1,037",43,34
Ryan,26,8,,,,,,,,
Spider-Man 2,1.6K,324,83,37,4,0,8.6,"1,950",125,127
The Sea Inside,152,158,74,33,5,0,8.1,48,3,4
Finding Neverland,678,206,67,27,11,0,7.8,135,28,4
Crash,1.7K,280,66,20,15,1,8.5,607,48,55
Ray,480,132,73,29,11,0,8.8,188,15,6
Sideways,918,183,94,41,1,0,7.0,360,84,93
Six Shooter,35,12,,,,,,,,
The Incredibles,1K,239,90,40,1,0,8.8,"1,171",63,34
Million Dollar Baby,1.3K,260,86,35,2,2,7.5,480,33,88
The Aviator,880,265,77,36,5,0,8.6,462,40,13
A Series of Unfortunate Events,653,179,62,24,12,1,6.9,145,55,24
Mighty Times: The Children's March,2,,,,,,,,,
The Moon and the Son: An Imagined Conversation,13,4,,,,,,,,
West Bank Story,19,7,,,,,,,,
March of the Penguins,353,163,79,35,4,0,7.8,84,13,7
Hustle & Flow,218,145,68,30,7,0,8.8,118,4,8
The Constant Gardener,624,224,82,37,2,0,7.0,189,49,48
Tsotsi,185,156,70,28,7,0,7.7,31,6,2
A Note of Triumph: The Golden Age of Norman Corwin,2,3,,,,,,,,
Capote,459,275,88,38,2,0,7.7,211,36,18
Brokeback Mountain,2.4K,240,87,37,4,0,8.2,"1,239",77,179
Wallace & Gromit: The Curse of the Were-Rabbit,350,132,87,38,0,0,8.2,268,29,15
Walk the Line,926,268,72,30,9,0,8.3,315,38,20
Syriana,649,341,76,36,4,0,7.7,284,50,54
Memoirs of a Geisha,632,212,54,16,19,3,6.8,127,43,33
King Kong,2.7K,234,81,32,6,1,7.4,"1,125",171,249
"The Chronicles of Narnia: The Lion, the Witch and the Wardrobe",1.6K,260,75,31,7,1,6.0,446,125,217
Little Miss Sunshine,1K,244,80,34,2,0,7.5,535,50,100
An Inconvenient Truth,543,117,75,27,3,2,8.0,205,16,29
The Danish Poet,14,14,,,,,,,,
The Lives of Others,556,219,89,38,1,0,8.8,352,13,10
The Mozart of Pickpockets,4,8,,,,,,,,
Babel,989,259,69,30,8,0,6.7,549,105,207
Marie Antoinette,708,254,65,22,10,5,5.8,205,44,122
Pan's Labyrinth,1.3K,461,98,37,0,0,8.7,"2,435",192,150
The Blood of Yingzhou District,4,5,,,,,,,,
Pirates of the Caribbean: Dead Man's Chest,1.9K,318,53,15,18,4,7.2,691,177,119
The Last King of Scotland,388,237,74,33,3,0,8.0,150,25,4
The Queen,473,273,91,37,0,0,6.7,262,45,79
Peter and The Wolf,23,16,,,,,,,,
The Departed,2.4K,293,85,36,3,0,7.0,"1,330",119,423
Letters from Iwo Jima,366,241,89,34,3,0,8.2,299,29,24
Happy Feet,612,121,77,26,4,0,6.2,190,69,81
Dreamgirls,554,238,76,30,6,1,7.3,199,53,41
Freeheld,2,,,,,,,,,
Once,383,237,88,33,0,0,8.2,305,30,40
La Vie en Rose,270,212,66,19,10,0,7.9,94,18,7
The Counterfeiters,126,168,78,23,0,0,7.9,34,9,0
Taxi to the Dark Side,60,53,82,25,0,0,7.1,30,6,7
No Country for Old Men,2K,516,92,36,2,0,7.9,"1,488",192,200
Ratatouille,834,319,96,37,0,0,8.6,"1,750",118,69
The Bourne Ultimatum,942,328,85,36,2,0,7.6,712,66,121
Atonement,718,308,85,33,3,0,7.8,449,71,62
Toyland,32,13,,,,,,,,
Michael Clayton,425,308,82,36,0,0,7.6,306,56,34
Juno,975,380,81,36,2,0,8.2,"1,088",88,133
Elizabeth: The Golden Age,252,195,45,7,26,2,6.3,55,24,19
There Will Be Blood,1.4K,352,93,39,3,0,8.1,"1,352",133,177
The Golden Compass,726,243,51,10,20,3,6.1,198,87,104
Sweeney Todd: The Demon Barber of Fleet Street,908,380,83,35,4,0,7.7,499,92,56
Man on Wire,175,198,89,31,0,0,8.2,122,13,7
Vicky Cristina Barcelona,424,276,70,30,4,2,7.0,190,42,32
The House of Small Cubes,18,20,,,,,,,,
Smile Pinki,2,,,,,,,,,
WALL·E,1.4K,272,95,39,0,0,8.8,"2,607",121,138
The Dark Knight,8K,434,84,33,6,0,8.9,"5,808",217,368
Departures,176,173,68,20,7,0,8.0,54,3,6
Slumdog Millionaire,1.2K,239,84,34,2,0,7.8,641,98,69
The Duchess,169,122,62,22,11,1,7.4,50,15,4
The Hurt Locker,1K,407,95,36,1,0,7.3,"1,134",167,238
Milk,324,248,83,37,2,0,7.6,272,38,43
The Curious Case of Benjamin Button,1K,317,70,26,10,1,7.4,494,81,86
The Reader,484,291,58,19,17,2,7.3,135,43,15
Precious,336,313,78,31,3,2,8.1,192,17,17
The Young Victoria,111,187,64,21,7,1,7.9,60,12,1
Star Trek,1.7K,523,82,43,3,0,7.9,"1,309",139,156
The Cove,152,175,84,26,0,0,8.2,92,6,8
Up,1K,408,88,34,3,0,8.7,"1,317",82,33
Inglourious Basterds,2K,400,69,26,9,1,7.9,"1,434",130,188
Logorama,24,22,,,,,,,,
The Secret in Their Eyes,338,282,80,32,1,3,8.5,189,18,5
The Blind Side,571,269,53,16,10,3,7.4,289,67,41
Crazy Heart,272,278,83,31,1,0,7.5,150,39,11
Avatar,3.5K,477,83,31,,,83,31,,
The New Tenants,8,12,,,,,,,,
The Wolfman,505,371,43,8,19,9,5.5,71,76,40
Inside Job,165,161,88,24,2,1,8.4,126,10,4
Alice in Wonderland,829,457,53,18,16,4,5.9,355,275,160
Music by Prudence,,3,,,,,,,,
The Lost Thing,14,15,,,,,,,,
Toy Story 3,952,465,92,39,0,0,8.9,"1,826",80,59
God of Love,8,12,,,,,,,,
Inception,4.5K,480,74,33,6,3,8.8,"4,166",232,227
In a Better World,103,205,65,21,7,1,7.9,40,9,1
Black Swan,1.4K,688,79,35,6,1,8.1,"1,050",97,80
The King's Speech,797,475,88,39,2,0,8.3,792,65,17
Beginners,175,179,81,34,2,0,8.1,213,36,11
The Social Network,1K,432,95,41,1,0,8.2,"1,900",183,102
Strangers No More,7,7,,,,,,,,
The Fighter,482,411,79,35,6,0,8.1,435,39,12
The Fantastic Flying Books of Mr. Morris Lessmore,18,13,,,,,,,,
A Separation,420,373,95,41,0,0,8.8,674,33,31
Rango,466,364,75,30,4,1,7.7,587,87,53
Undefeated,38,106,71,25,3,1,7.4,23,3,4
Midnight in Paris,715,522,81,40,0,0,8.0,601,69,28
The Artist,712,583,89,40,0,1,8.1,525,51,40
The Shore,5,9,,,,,,,,
The Help,636,295,62,24,15,2,7.8,415,50,29
The Descendants,513,548,84,38,5,0,7.7,399,72,21
Hugo,817,699,83,36,5,0,7.7,664,119,59
The Muppets,270,400,75,34,3,0,7.8,315,54,20
The Girl with the Dragon Tattoo,814,526,71,31,9,1,8.0,708,70,40
The Iron Lady,441,334,52,16,21,4,6.2,94,96,29
Searching for Sugar Man,220,259,79,28,4,0,8.3,78,5,3
Saving Face,7,9,,,,,,,,
Amour,241,459,94,43,2,0,8.1,289,36,20
Curfew,20,21,,,,,,,,
Brave,565,503,69,29,8,0,7.2,593,173,58
Inocente,4,18,,,,,,,,
Argo,865,667,86,41,4,0,7.6,869,123,80
Anna Karenina,304,336,63,28,12,1,6.4,80,60,20
Silver Linings Playbook,926,478,81,36,8,1,8.5,"1,081",87,34
Life of Pi,987,568,79,37,7,0,7.9,744,97,65
Paperman,115,32,,,,,,,,
Lincoln,869,561,86,41,3,0,7.5,605,128,64
Skyfall,1.7K,541,81,42,7,0,7.7,"1,505",241,149
Les Misérables,1K,498,63,24,15,2,7.4,589,135,76
Zero Dark Thirty,761,575,95,44,2,0,6.9,862,188,195
Django Unchained,1.7K,657,81,37,5,0,8.6,"2,241",125,94
20 Feet from Stardom,90,146,83,25,0,0,7.4,33,6,4
The Great Gatsby,1K,369,55,19,23,3,7.2,605,197,70
The Great Beauty,196,299,86,32,2,0,8.0,169,21,12
The Lady in Number 6: Music Saved My Life,4,12,,,,,,,,
Mr Hublot,14,13,,,,,,,,
Blue Jasmine,496,448,78,42,4,1,7.6,325,50,24
Gravity,2.2K,784,96,49,0,0,7.8,"2,840",392,348
12 Years a Slave,956,487,96,56,,,96,56,,
Ida,164,298,91,34,1,0,7.5,164,29,18
Dallas Buyers Club,449,402,79,45,2,0,8.2,590,35,12
Her,1.2K,629,91,43,4,0,8.6,"1,553",93,86
The Phone Call,12,16,,,,,,,,
Frozen,1.2K,445,75,42,6,0,7.5,"1,114",207,163
Crisis Hotline: Veterans Press 1,3,6,,,,,,,,
Helium,8,14,,,,,,,,
Whiplash,1.4K,588,88,48,1,0,8.9,"1,444",52,45
Boyhood,1K,585,100,50,0,0,7.5,"1,880",276,364
The Grand Budapest Hotel,1K,572,88,45,3,0,8.4,"1,260",81,58
Bear Story,16,22,,,,,,,,
Feast,33,29,,,,,,,,
Birdman or (The Unexpected Virtue of Ignorance),1.4K,627,87,51,5,2,8.2,"1,566",150,139
The Imitation Game,950,386,71,38,10,1,8.1,755,84,25
The Theory of Everything,574,437,71,36,10,1,7.8,471,65,25
Still Alice,284,302,72,31,9,1,7.8,214,29,6
Citizenfour,125,213,88,37,1,0,7.6,126,18,13
Big Hero 6,612,416,74,34,5,0,7.8,782,107,61
Interstellar,5K,629,74,35,10,1,8.5,"4,151",297,285
Selma,289,382,80,46,5,1,7.2,331,57,54
American Sniper,1.1K,521,72,36,12,0,6.5,707,207,187
Ex Machina,1K,434,78,36,6,0,8.0,"1,169",141,60
Mad Max: Fury Road,2.2K,833,90,50,1,0,8.5,"3,675",226,289
Son of Saul,151,337,91,47,2,0,7.3,118,22,19
Amy,140,257,85,40,1,0,8.3,155,15,8
Inside Out,1.1K,593,94,55,0,0,8.7,"2,010",104,82
Stutterer,12,23,,,,,,,,
Spotlight,682,512,93,43,2,0,8.2,877,61,51
Room,779,484,86,39,3,1,8.3,653,39,40
The Danish Girl,323,276,66,28,12,1,6.8,172,53,33
Bridge of Spies,517,506,81,47,1,0,7.6,516,79,23
Spectre,1.2K,465,60,28,16,4,6.8,761,384,127
A Girl in the River: The Price of Forgiveness,11,9,,,,,,,,
The Big Short,634,488,81,37,6,2,8.1,660,62,28
The Hateful Eight,1.5K,571,68,34,12,5,7.6,"1,319",181,149
The Revenant,1.7K,651,76,41,8,1,8.0,"1,486",187,100
O.J.: Made in America,82,42,,,,,,,,
Manchester by the Sea,909,511,96,52,1,0,8.2,859,64,60
Zootopia,827,488,78,39,4,0,8.6,"1,484",87,47
Sing,12,34,,,,,,,,
The Jungle Book,631,460,77,42,7,0,7.5,620,113,46
The Salesman,121,316,85,32,4,0,7.5,214,41,34
Piper,56,29,,,,,,,,
Suicide Squad,2.5K,690,40,11,,,40,11,,
La La Land,2K,706,94,52,2,0,8.4,"1,952",194,150
Arrival,2.1K,735,81,47,4,1,8.2,"1,616",154,126
Moonlight,979,510,99,53,0,0,7.1,"1,263",179,322
Hacksaw Ridge,1K,477,71,40,7,0,8.2,722,60,34
The White Helmets,31,29,,,,,,,,
Heaven is a Traffic Jam on the 405,5,11,,,,,,,,
Fantastic Beasts and Where to Find Them,898,453,66,33,15,2,7.3,868,240,102
Fences,429,329,79,43,5,0,7.3,202,36,20
Icarus,132,49,68,14,1,1,7.4,60,6,6
Call Me by Your Name,1.1K,451,93,51,2,0,8.0,924,81,144
Get Out,1.8K,504,85,47,1,0,7.5,"1,238",141,192
A Fantastic Woman,77,204,86,41,2,0,7.0,87,9,18
Dear Basketball,24,15,,,,,,,,
Dunkirk,2.5K,558,94,52,0,1,8.3,"2,636",281,218
The Silent Child,31,33,,,,,,,,
The Shape of Water,1.7K,1K,87,49,3,1,7.0,736,166,147
Darkest Hour,699,425,75,44,4,2,7.3,268,57,19
"Three Billboards Outside Ebbing, Missouri",1.3K,572,88,49,1,0,7.8,816,91,86
"I, Tonya",558,435,77,40,6,1,7.8,345,23,20
Blade Runner 2049,2.4K,555,81,47,7,0,8.3,"2,187",166,196
Coco,1.3K,415,81,45,3,0,8.4,838,47,58
Phantom Thread,601,453,90,49,2,0,7.8,445,45,50
Black Panther,3.4K,509,88,55,0,0,6.3,"2,001",684,757
Period. End of Sentence.,28,22,,,,,,,,
Bao,114,29,,,,,,,,
BlacKkKlansman,943,445,83,54,1,1,7.3,458,64,62
First Man,1.4K,490,84,54,2,0,7.4,475,88,48
The Favourite,1.2K,446,91,52,1,0,7.7,408,44,50
Roma,1.1K,420,96,50,0,0,7.7,614,77,94
A Star Is Born,2.8K,468,88,58,2,0,8.4,"1,379",126,122
Skin,34,20,,,,,,,,
Free Solo,321,136,83,24,,,83,24,,
If Beale Street Could Talk,320,294,87,52,1,0,7.1,112,33,14
Green Book,1.7K,422,69,37,13,2,8.0,501,52,30
Bohemian Rhapsody,3.5K,423,49,17,23,10,7.7,847,199,78
Spider-Man: Into the Spider-Verse,2.1K,417,87,49,1,0,8.4,"1,666",77,154
Vice,778,337,61,29,14,11,6.6,172,82,40
American Factory,167,61,86,22,1,0,7.7,37,10,0
The Neighbors' Window,27,16,,,,,,,,
Learning to Skateboard in a Warzone (If You're a Girl),4,8,,,,,,,,
Rocketman,1K,360,69,35,13,1,7.4,316,70,44
Parasite,3.4K,600,96,52,,,96,52,,
Once Upon a Time... In Hollywood,5.6K,648,83,56,6,0,7.5,"1,344",201,204
Toy Story 4,1.3K,396,84,56,1,0,7.9,652,86,61
Hair Love,26,18,,,,,,,,
Marriage Story,1.3K,358,94,53,,,94,53,,
Ford v Ferrari,1.5K,351,81,42,5,0,8.3,587,41,19
Judy,501,264,66,34,12,0,6.7,80,41,13
Joker,11.3K,694,59,33,16,11,8.9,"6,614",350,350
Sound of Metal,583,271,82,35,2,0,7.9,181,16,3
Jojo Rabbit,1.7K,435,58,30,20,7,7.9,599,83,55
1917,3.3K,515,78,49,7,1,8.4,799,66,32
Little Women,1.1K,358,91,53,4,0,7.5,357,61,57
Bombshell,565,284,64,27,18,1,6.2,100,50,27
Promising Young Woman,1.1K,750,73,39,9,0,7.2,215,40,37
Minari,420,292,89,48,1,0,8.0,162,17,6
The Father,953,301,88,48,3,0,8.6,223,15,6
Colette,4,8,,,,,,,,
The Long Goodbye,12,14,,,,,,,,
If Anything Happens I Love You,103,32,,,,,,,,
Tenet,5.4K,509,69,33,17,0,7.3,"1,031",198,203
My Octopus Teacher,631,56,82,5,0,0,8.0,39,3,2
Nomadland,1K,388,93,53,1,0,7.3,227,54,31
Another Round,448,273,79,29,5,0,8.1,167,17,4
Soul,1.8K,346,83,49,6,0,8.2,582,59,45
Mank,582,326,79,44,8,0,6.3,162,41,51
Two Distant Strangers,148,23,,,,,,,,
Ma Rainey's Black Bottom,424,217,87,43,3,0,6.7,111,33,25
"Summer of Soul (...Or, When the Revolution Could Not Be Televised)",79,120,96,38,0,0,7.4,29,5,3
CODA,571,226,74,36,9,0,7.5,117,19,12
Judas and the Black Messiah,386,272,85,47,2,0,7.4,185,27,23
Cruella,1.9K,330,59,30,21,5,7.1,358,70,75
The Queen of Basketball,5,7,,,,,,,,
Drive My Car,216,223,91,42,0,0,7.3,77,22,11
The Windshield Wiper,12,10,,,,,,,,
The Power of the Dog,1.5K,296,89,57,1,0,6.5,208,59,69
Belfast,456,256,75,47,7,1,6.5,90,41,24
King Richard,529,241,76,45,7,1,6.5,125,31,35
Dune,5.3K,494,74,53,13,1,8.0,"1,183",135,129
The Eyes of Tammy Faye,219,150,55,19,25,4,5.8,23,18,12
No Time to Die,3.8K,450,68,42,22,2,6.3,349,119,121
Encanto,1K,217,75,35,6,0,6.9,199,48,45
West Side Story,745,290,85,56,6,0,7.1,139,19,30
